Workbook

Sheet 2026-07
A1: Date | B1: Description | C1: Category | D1: Amount
A2: 2026-07-01 | B2: Supermart - weekly groceries | C2: Groceries | D2: 185000
A3: 2026-07-02 | B3: City Bus Ticket | C3: Transport | D3: 12000
A4: 2026-07-02 | B4: Electricity Bill | C4: Utilities | D4: 450000
A5: 2026-07-03 | B5: Movie Theater | C5: Entertainment | D5: 85000
A6: 2026-07-04 | B6: Cafe Latte and pastry | C6: Dining | D6: 54000
A7: 2026-07-05 | B7: Office Printer Paper | C7: Office Supplies | D7: 76000
A8: 2026-07-06 | B8: Taxi to airport | C8: Transport | D8: 85000
A9: 2026-07-07 | B9: Hotel - business trip | C9: Travel | D9: 1250000
A10: 2026-07-08 | B10: Clinic consultation | C10: Healthcare | D10: 200000
A11: 2026-07-09 | B11: Streaming Service Subscription | C11: Subscriptions | D11: 99000
A12: 2026-07-10 | B12: Monthly Rent | C12: Rent | D12: 3000000
A13: 2026-07-11 | B13: Cornerstore - snacks | C13: Groceries | D13: 47000
... A33: 2026-07-31 | B33: Medicines and vitamins | C33: Healthcare | D33: 92000
A35: Category | B35: Subtotal
A36: Dining | B36: =SUMIF(C2:C33, "Dining", D2:D33)
A37: Entertainment | B37: =SUMIF(C2:C33, "Entertainment", D2:D33)
A38: Groceries | B38: =SUMIF(C2:C33, "Groceries", D2:D33)
A39: Healthcare | B39: =SUMIF(C2:C33, "Healthcare", D2:D33)
A40: Office Supplies | B40: =SUMIF(C2:C33, "Office Supplies", D2:D33)
A41: Rent | B41: =SUMIF(C2:C33, "Rent", D2:D33)
A42: Subscriptions | B42: =SUMIF(C2:C33, "Subscriptions", D2:D33)
A43: Transport | B43: =SUMIF(C2:C33, "Transport", D2:D33)
A44: Travel | B44: =SUMIF(C2:C33, "Travel", D2:D33)
A45: Utilities | B45: =SUMIF(C2:C33, "Utilities", D2:D33)

Sheet 2026-08
A1: Date | B1: Description | C1: Category | D1: Amount
A2: 2026-08-01 | B2: Supermart - weekly groceries | C2: Groceries | D2: 192000
A3: 2026-08-02 | B3: City Bus Ticket | C3: Transport | D3: 12000
A4: 2026-08-03 | B4: Electricity Bill | C4: Utilities | D4: 470000
A5: 2026-08-04 | B5: Streaming Service Subscription | C5: Subscriptions | D5: 99000
A6: 2026-08-05 | B6: Cafe brunch | C6: Dining | D6: 125000
A7: 2026-08-06 | B7: Office Notebooks | C7: Office Supplies | D7: 64000
A8: 2026-08-07 | B8: Taxi to client meeting | C8: Transport | D8: 82000
A9: 2026-08-08 | B9: Hotel - conference | C9: Travel | D9: 1450000
A10: 2026-08-09 | B10: Clinic lab test | C10: Healthcare | D10: 300000
A11: 2026-08-10 | B11: Monthly Rent | C11: Rent | D11: 3000000
A12: 2026-08-11 | B12: Cornerstore - snacks | C12: Groceries | D12: 52000
A13: 2026-08-12 | B13: Intercity Train | C13: Travel | D13: 210000
... A32: 2026-08-31 | B32: Online Newspaper Subscription | C32: Subscriptions | D32: 60000
A34: Category | B34: Subtotal
A35: Dining | B35: =SUMIF(C2:C32, "Dining", D2:D32)
A36: Entertainment | B36: =SUMIF(C2:C32, "Entertainment", D2:D32)
A37: Groceries | B37: =SUMIF(C2:C32, "Groceries", D2:D32)
A38: Healthcare | B38: =SUMIF(C2:C32, "Healthcare", D2:D32)
A39: Office Supplies | B39: =SUMIF(C2:C32, "Office Supplies", D2:D32)
A40: Rent | B40: =SUMIF(C2:C32, "Rent", D2:D32)
A41: Subscriptions | B41: =SUMIF(C2:C32, "Subscriptions", D2:D32)
A42: Transport | B42: =SUMIF(C2:C32, "Transport", D2:D32)
A43: Travel | B43: =SUMIF(C2:C32, "Travel", D2:D32)
A44: Utilities | B44: =SUMIF(C2:C32, "Utilities", D2:D32)

Sheet 2026-09
A1: Date | B1: Description | C1: Category | D1: Amount
A2: 2026-09-01 | B2: Supermart - weekly groceries | C2: Groceries | D2: 188000
A3: 2026-09-02 | B3: City Bus Ticket | C3: Transport | D3: 12000
A4: 2026-09-03 | B4: Electricity Bill | C4: Utilities | D4: 460000
A5: 2026-09-04 | B5: Movie night | C5: Entertainment | D5: 92000
A6: 2026-09-05 | B6: Cafe lunch | C6: Dining | D6: 98000
A7: 2026-09-06 | B7: Office Paper Clips | C7: Office Supplies | D7: 12000
A8: 2026-09-07 | B8: Taxi to airport | C8: Transport | D8: 88000
A9: 2026-09-08 | B9: Hotel - short stay | C9: Travel | D9: 980000
A10: 2026-09-09 | B10: Clinic consultation | C10: Healthcare | D10: 210000
A11: 2026-09-10 | B11: Monthly Rent | C11: Rent | D11: 3000000
A12: 2026-09-11 | B12: Cornerstore - snacks | C12: Groceries | D12: 48000
A13: 2026-09-12 | B13: Intercity Train | C13: Travel | D13: 220000
... A31: 2026-09-30 | B31: Medicines and vitamins | C31: Healthcare | D31: 105000
A33: Category | B33: Subtotal
A34: Dining | B34: =SUMIF(C2:C31, "Dining", D2:D31)
A35: Entertainment | B35: =SUMIF(C2:C31, "Entertainment", D2:D31)
A36: Groceries | B36: =SUMIF(C2:C31, "Groceries", D2:D31)
A37: Healthcare | B37: =SUMIF(C2:C31, "Healthcare", D2:D31)
A38: Office Supplies | B38: =SUMIF(C2:C31, "Office Supplies", D2:D31)
A39: Rent | B39: =SUMIF(C2:C31, "Rent", D2:D31)
A40: Subscriptions | B40: =SUMIF(C2:C31, "Subscriptions", D2:D31)
A41: Transport | B41: =SUMIF(C2:C31, "Transport", D2:D31)
A42: Travel | B42: =SUMIF(C2:C31, "Travel", D2:D31)
A43: Utilities | B43: =SUMIF(C2:C31, "Utilities", D2:D31)

Sheet Summary
A1: Month | B1: Total Amount | C1: Number of Transactions
A2: 2026-07 | B2: =SUM('2026-07'!D2:D1000) | C2: =COUNTA('2026-07'!D2:D1000)
A3: 2026-08 | B3: =SUM('2026-08'!D2:D1000) | C3: =COUNTA('2026-08'!D2:D1000)
A4: 2026-09 | B4: =SUM('2026-09'!D2:D1000) | C4: =COUNTA('2026-09'!D2:D1000)
A7: Category | B7: 2026-07 | C7: 2026-08 | D7: 2026-09
A8: Dining | B8: =SUMIF('2026-07'!C2:C1000, "Dining", '2026-07'!D2:D1000) | C8: =SUMIF('2026-08'!C2:C1000, "Dining", '2026-08'!D2:D1000) | D8: =SUMIF('2026-09'!C2:C1000, "Dining", '2026-09'!D2:D1000)
A9: Entertainment | B9: =SUMIF('2026-07'!C2:C1000, "Entertainment", '2026-07'!D2:D1000) | C9: =SUMIF('2026-08'!C2:C1000, "Entertainment", '2026-08'!D2:D1000) | D9: =SUMIF('2026-09'!C2:C1000, "Entertainment", '2026-09'!D2:D1000)
A10: Groceries | B10: =SUMIF('2026-07'!C2:C1000, "Groceries", '2026-07'!D2:D1000) | C10: =SUMIF('2026-08'!C2:C1000, "Groceries", '2026-08'!D2:D1000) | D10: =SUMIF('2026-09'!C2:C1000, "Groceries", '2026-09'!D2:D1000)
A11: Healthcare | B11: =SUMIF('2026-07'!C2:C1000, "Healthcare", '2026-07'!D2:D1000) | C11: =SUMIF('2026-08'!C2:C1000, "Healthcare", '2026-08'!D2:D1000) | D11: =SUMIF('2026-09'!C2:C1000, "Healthcare", '2026-09'!D2:D1000)
A12: Office Supplies | B12: =SUMIF('2026-07'!C2:C1000, "Office Supplies", '2026-07'!D2:D1000) | C12: =SUMIF('2026-08'!C2:C1000, "Office Supplies", '2026-08'!D2:D1000) | D12: =SUMIF('2026-09'!C2:C1000, "Office Supplies", '2026-09'!D2:D1000)
A13: Rent | B13: =SUMIF('2026-07'!C2:C1000, "Rent", '2026-07'!D2:D1000) | C13: =SUMIF('2026-08'!C2:C1000, "Rent", '2026-08'!D2:D1000) | D13: =SUMIF('2026-09'!C2:C1000, "Rent", '2026-09'!D2:D1000)
A14: Subscriptions | B14: =SUMIF('2026-07'!C2:C1000, "Subscriptions", '2026-07'!D2:D1000) | C14: =SUMIF('2026-08'!C2:C1000, "Subscriptions", '2026-08'!D2:D1000) | D14: =SUMIF('2026-09'!C2:C1000, "Subscriptions", '2026-09'!D2:D1000)
A15: Transport | B15: =SUMIF('2026-07'!C2:C1000, "Transport", '2026-07'!D2:D1000) | C15: =SUMIF('2026-08'!C2:C1000, "Transport", '2026-08'!D2:D1000) | D15: =SUMIF('2026-09'!C2:C1000, "Transport", '2026-09'!D2:D1000)
A16: Travel | B16: =SUMIF('2026-07'!C2:C1000, "Travel", '2026-07'!D2:D1000) | C16: =SUMIF('2026-08'!C2:C1000, "Travel", '2026-08'!D2:D1000) | D16: =SUMIF('2026-09'!C2:C1000, "Travel", '2026-09'!D2:D1000)
A17: Utilities | B17: =SUMIF('2026-07'!C2:C1000, "Utilities", '2026-07'!D2:D1000) | C17: =SUMIF('2026-08'!C2:C1000, "Utilities", '2026-08'!D2:D1000) | D17: =SUMIF('2026-09'!C2:C1000, "Utilities", '2026-09'!D2:D1000)
